2026-02-02T12:55:34+01:00,bahaayjtft,msri@gmai.com,,2739f8c19283c73c_1770033334.pdf
2026-02-04T11:30:19+01:00,bahaas23,msri@gmai.com,frontend,7d7d58198f1a3b3b_1770201019.pdf
2026-02-04T11:44:19+01:00,bahaas23,msri@gmai.com,backend,5cd9bb105d726b46_1770201859.pdf
2026-02-04T11:45:19+01:00,bahaase12,msri@gmai.com,frontend,2afa242574d03e47_1770201919.pdf
2026-02-04T14:14:58+01:00,bahaae3,msri@gmai.com,,616468c955fc71f1_1770210898.pdf
2026-02-04T14:25:09+01:00,bahaa,msri@gmai.com,,07e9f32fdfbcecd4_1770211509.pdf
2026-02-04T14:25:37+01:00,bahaahi,msri@gmai.com,,37b450760976bae6_1770211537.pdf
2026-02-04T14:30:00+01:00,dsdd,bahaa@jfas.com,frontend,c0b44501512895d0_1770211800.pdf
2026-02-04T14:31:57+01:00,b1,bahaa@gmail.com,intern,41aa270ad99350aa_1770211917.pdf
2026-02-04T14:53:02+01:00,qs,bahaa@gmail.com,backend,83da24174d7e21ec_1770213182.pdf
2026-02-04T15:06:39+01:00,asasas,baW@gmias.com,32332,frontend,07e8ab39b3100cb0_1770213999.pdf
2026-02-04T15:14:46+01:00,sdfghjk,sdfg@dfghj.com,2345678,frontend,08f457f17fd93b43_1770214486.pdf
2026-02-04T15:18:43+01:00,sas,hv@dfg.c0m,12,backend,5dd49460efe504b8_1770214723.pdf
2026-02-04T15:24:36+01:00,asd,as@sdf.com,,frontend,dce94a714c262f0e_1770215076.pdf
2026-02-04T15:25:34+01:00,aw,123123@sdfs.com,,frontend,7257d6ea7b676579_1770215134.pdf
2026-02-04T15:27:20+01:00,s,msri@dsf.cgh,,frontend,aadb57b5f1ff8328_1770215240.pdf
2026-02-04T15:46:37+01:00,bahaa,msri@dssdf.dfdf,,backend,0d3d357d95502760_1770216397.pdf
2026-02-04T15:47:43+01:00,wefsdd,JZBXhb@balsb.jhkb,,frontend,1da1f2ceb239682a_1770216463.pdf
2026-02-04T15:48:40+01:00,bahaa,msri@gmai.com,,frontend,ef8e66b87db0866e_1770216520.pdf
2026-02-04T15:53:21+01:00,asd,as@sd.d,,,1e43cb6ddfd109ce_1770216801.pdf
2026-02-05T07:38:09+01:00,bahaa1234,msri@gmai.com,,devops,b25826900b7ffe2f_1770273489.pdf
2026-02-05T07:54:21+01:00,baha,bahaa@gmail.cib,,frontend,4569d32422844c94_1770274461.pdf
2026-02-05T08:07:07+01:00,majd,majd@harki.com,,devops,e936c47046fd8877_1770275227.pdf
2026-02-05T08:14:59+01:00,majd,majd@kami.vom,23456789,backend,12be3595cae4c734_1770275699.pdf
2026-02-05T08:26:56+01:00,hi,dffg@rg.com,345678,backend,a241115b396e3c94_1770276416.pdf
2026-02-05T08:59:12+01:00,"majed nawfel",majed@harki.com,45678,frontend,http://192.168.0.114/hosriholding/public/uploads/f269d132ad1af740_1770278352.pdf,f269d132ad1af740_1770278352.pdf
2026-02-05T09:05:46+01:00,rtdfg,sdf@sf.com,1312,frontend,http://192.168.0.114/hosriholding/public/uploads/a8820268e0d71d19_1770278746.pdf,a8820268e0d71d19_1770278746.pdf
2026-02-05T09:11:16+01:00,majd,majd@harki.com,4567890,backend,http://192.168.0.114/hosriholding/public/uploads/63f9fa85cb4ae50b_1770279076.pdf,63f9fa85cb4ae50b_1770279076.pdf
2026-02-23T11:01:58+01:00,"hi nano",nan@j.com,3223,backend,http://192.168.0.114/hosriholding/public/uploads/9a88a14baf5adc9b_1771840918.pdf,9a88a14baf5adc9b_1771840918.pdf
2026-02-23T11:32:15+01:00,"hi it;s me",nan@j.com,3223,frontend,http://192.168.0.114/hosriholding/public/uploads/560aea06eac8cb80_1771842735.pdf,560aea06eac8cb80_1771842735.pdf
2026-02-23T11:40:38+01:00,"hi i'am bahaa",bahaa@sdf.com,4343434,backend,http://192.168.0.114/hosriholding/public/uploads/4bc6e6c5fff17c2e_1771843238.pdf,4bc6e6c5fff17c2e_1771843238.pdf
2026-02-23T11:43:31+01:00,"hi it;s me",nan@j.com,3223,frontend,http://192.168.0.114/hosriholding/public/uploads/79f7269ec60b856e_1771843411.pdf,79f7269ec60b856e_1771843411.pdf
2026-02-23T12:04:43+01:00,"hi bahaa",bahaa@sdf.com,4343434,devops,http://172.16.2.68/hosriholding/public/uploads/a3abd0f7647a7976_1771844683.pdf,a3abd0f7647a7976_1771844683.pdf
2026-02-23T12:08:52+01:00,"hi bahaa",bahaa@gmail.com,4343434,frontend,http://172.16.2.68/hosriholding/public/uploads/89179665fd100536_1771844932.pdf,89179665fd100536_1771844932.pdf
2026-02-23T12:21:57+01:00,"hi bahaatest",bahaa@sdf.com,4343434,,http://172.16.2.68/hosriholding/public/uploads/b6f60c19cadc3cdc_1771845717.pdf,b6f60c19cadc3cdc_1771845717.pdf
2026-02-23T12:38:29+01:00,"ya rab tzbat",bahaa@sdf.com,4343434,backend,http://172.16.2.68/hosriholding/public/uploads/9c4ca76d3d7141f1_1771846709.pdf,9c4ca76d3d7141f1_1771846709.pdf
2026-02-23T12:52:05+01:00,"ya rab tzbat",bahaa@sdf.com,4343434,frontend,http://172.16.2.68/hosriholding/public/uploads/a0bc8ebb45282671_1771847525.pdf,a0bc8ebb45282671_1771847525.pdf
2026-02-23T12:58:20+01:00,"ya rab tzbat",bahaa@sdf.com,4343434,intern,http://172.16.2.68/hosriholding/public/uploads/0d9fba229bcedcf4_1771847900.pdf,0d9fba229bcedcf4_1771847900.pdf
2026-02-23T13:03:42+01:00,"ya rab tzbat",bahaa@sdf.com,4343434,frontend,http://172.16.2.68/hosriholding/public/uploads/a23a133609f9d1c9_1771848222.pdf,a23a133609f9d1c9_1771848222.pdf
2026-02-23T13:05:14+01:00,"ya rab tzbat",bahaa@sdf.com,4343434,frontend,http://172.16.2.68/hosriholding/public/uploads/5afdf4cfca901f71_1771848314.pdf,5afdf4cfca901f71_1771848314.pdf
2026-02-23T13:09:23+01:00,"ya rab tzbat",bahaa@sdf.com,4343434,backend,http://172.16.2.68/hosriholding/public/uploads/53c0f245297fd8b3_1771848563.pdf,53c0f245297fd8b3_1771848563.pdf
2026-02-23T13:17:27+01:00,"ya rab tzbat",bahaa@sdf.com,4343434,frontend,http://172.16.2.68/hosriholding/public/uploads/33cf06fc619474ac_1771849047.pdf,33cf06fc619474ac_1771849047.pdf
2026-02-23T13:32:23+01:00,"ya rab tzbat",bahaa@sdf.com,4343434,backend,http://172.16.2.68/hosriholding/public/uploads/a50abb44e19b0394_1771849943.pdf,a50abb44e19b0394_1771849943.pdf
2026-02-23T13:36:07+01:00,"ya rab tzbat",bahaa@sdf.com,4343434,frontend,http://172.16.2.68/hosriholding/public/uploads/2c0af2d9312e5dee_1771850167.pdf,2c0af2d9312e5dee_1771850167.pdf
